Validation_Set,Topics,Coherence
75% Corpus,10,0.5761956513082458
75% Corpus,11,0.599814022281953
75% Corpus,12,0.5872812210637389
75% Corpus,13,0.5573502522564074
75% Corpus,14,0.5517640307115411
75% Corpus,15,0.5401228892929283
75% Corpus,16,0.5333588481859645
75% Corpus,17,0.5410529390226482
75% Corpus,18,0.5315503788155851
75% Corpus,19,0.5059274081300241
